RVA,Label
0x181d72ad8,DebateUIController_StaticsPtr
0x181d72bb8,GambleUIController_StaticsPtr
0x181d72cc8,GameController_StaticsPtr
0x181d72d50,GameController_StaticsPtr
0x181d72f70,PlotController_StaticsPtr
0x181d73d40,PlotController_StaticsPtr
0x181d74868,GridUnitController_StaticsPtr
0x181d768d0,PlotController_StaticsPtr
0x181d76fd8,FightMatchController_StaticsPtr
0x181d77158,FightResultContributionController_StaticsPtr
0x181d77850,GambleUIController_StaticsPtr
0x181d77a50,GameController_StaticsPtr
0x181d77ec8,GlobalData_StaticsPtr
0x181d7ba20,KungfuSkillLvData_StaticsPtr
0x181d7bb18,LanguageSelection_StaticsPtr
0x181d7d580,MeetingController_StaticsPtr
0x181d7ddf0,MouseFollower_StaticsPtr
0x181d7e5e8,NGUIAtlas_StaticsPtr
0x181d7f828,InfoTextList_StaticsPtr
0x181d81518,InvDatabase_StaticsPtr
0x181d819c0,PlotController_StaticsPtr
0x181d82118,ItemIconController_StaticsPtr
0x181d82198,ItemListController_StaticsPtr
0x181d82cc0,_InitToggleButton_d__14_StaticsPtr
0x181d84898,LTLocalization_StaticsPtr
0x181d84bc0,ShieldActivate_StaticsPtr
0x181d86c18,Localization_StaticsPtr
0x181d87a18,ManageTagController_StaticsPtr
0x181d88a10,MeetingController_StaticsPtr
0x181d8a1b8,SureStartButtonController_StaticsPtr
0x181d8a990,MissionData_StaticsPtr
0x181d8b138,TankController_StaticsPtr
0x181d8b790,MouseController_StaticsPtr
0x181d8bc10,NGUIDebug_StaticsPtr
0x181d8bc90,NGUIText_StaticsPtr
0x181d8bd10,NGUITools_StaticsPtr
0x181d8d138,UIAtlas_StaticsPtr
0x181d8d1b8,UICamera_StaticsPtr
0x181d8f490,OtherForceContributionExchangeController_StaticsPtr
0x181d90290,_FinishParty_d__58_StaticsPtr
0x181d918b0,ZhDictionary_StaticsPtr
0x181d91b88,BuildingUIController_StaticsPtr
0x181d92c88,PrisonController_StaticsPtr
0x181d93628,ZhDictionary_StaticsPtr
0x181d93f00,QuickDetail_StaticsPtr
0x181d97780,RailManager_StaticsPtr
0x181d99d00,ReadBookTextController_StaticsPtr
0x181d9c580,ResearchTechController_StaticsPtr
0x181d9ecf0,SaveLoadMenuController_StaticsPtr
0x181da1960,SettingMenuController_StaticsPtr
0x181da1b60,_AnimateProperties_d__6_StaticsPtr
0x181da2058,ShowRoomSpaceController_StaticsPtr
0x181da30d0,SkillExpShowPrefab_StaticsPtr
0x181da3150,SkillIconController_StaticsPtr
0x181da41d0,SpeBookStorageController_StaticsPtr
0x181da4450,_ShowItemAnim_d__32_StaticsPtr
0x181da4550,GameController_StaticsPtr
0x181da6810,StartMenuController_StaticsPtr
0x181da6e10,SteamManager_StaticsPtr
0x181da8090,StudyDodgePlayer_StaticsPtr
0x181da8190,StudySkillController_StaticsPtr
0x181da9de0,PlotController_StaticsPtr
0x181daa190,GameController_StaticsPtr
0x181dab010,_DisplayTextMeshProFloatingText_d__15_StaticsPtr
0x181dab190,TextReplaceData_StaticsPtr
0x181dac458,AreaBuildController_StaticsPtr
0x181dac758,PlotController_StaticsPtr
0x181dacad0,AreaUnitController_StaticsPtr
0x181dad378,PlotController_StaticsPtr
0x181daf2c8,AuctionController_StaticsPtr
0x181daf578,UIBasicSprite_StaticsPtr
0x181daf678,UICamera_StaticsPtr
0x181daf778,UIColorPicker_StaticsPtr
0x181daf878,UIDragDropItem_StaticsPtr
0x181daf978,UIDrawCall_StaticsPtr
0x181dafac8,BGMController_StaticsPtr
0x181dafb78,UIInput_StaticsPtr
0x181dafcf8,UIKeyNavigation_StaticsPtr
0x181dafd78,UILabel_StaticsPtr
0x181dafe78,UIPanel_StaticsPtr
0x181dafff8,UIPopupList_StaticsPtr
0x181db0248,PlotController_StaticsPtr
0x181db0348,BattleMapData_StaticsPtr
0x181db04f8,UIPlayAnimation_StaticsPtr
0x181db0678,HollowOutMask_StaticsPtr
0x181db07c8,BattleUnit_StaticsPtr
0x181db0bc8,GameController_StaticsPtr
0x181db0d48,BigMapSpeEffectController_StaticsPtr
0x181db29b8,BookWriterUIController_StaticsPtr
0x181db34e0,PlotController_StaticsPtr
0x181db4008,PlotController_StaticsPtr
0x181db4f18,BattleController_StaticsPtr
0x181db5108,GameAccountController_StaticsPtr
0x181db5de8,PlotController_StaticsPtr
0x181db5e70,WorldEventController_StaticsPtr
0x181db6e30,ChapterController_StaticsPtr
0x181db7d98,CloudAnimController_StaticsPtr
0x181db9458,Console_StaticsPtr
0x181dbb6c8,CustomDifficultyData_StaticsPtr
0x181dbf3c0,SaveLoadMenuController_StaticsPtr
0x181dbfbb8,DebateCardData_StaticsPtr
0x181dbfc40,PlotController_StaticsPtr
0x181dc0c50,AIController_StaticsPtr
0x181dc2568,DrinkUIController_StaticsPtr
0x181dc28c8,AuctionController_StaticsPtr
0x181dc2bf8,BattleController_StaticsPtr
0x181dc3f98,BreakThroughController_StaticsPtr
0x181dc4130,BuildingUIController_StaticsPtr
0x181dc4d60,CISAuthSDKController_StaticsPtr
0x181dc59f0,TutorialController_StaticsPtr
0x181dc5e30,BattleController_StaticsPtr
0x181dc60d8,ExploreTileUnitController_StaticsPtr
0x181dc6e20,PlotController_StaticsPtr
0x181dc6f30,PlotController_StaticsPtr
0x181dc7c78,ForceData_StaticsPtr
0x181dc8360,ForceSpeResearchUIController_StaticsPtr
