类别,内容,内容,内容,内容,内容
姓,钱,姚,荀,冉,游
姓,孙,邵,羊,郦,竺
姓,汪,湛,惠,雍,权
姓,周,祁,甄,桑,盖
姓,吴,赵,曲,濮,益
姓,郑,禹,家,桂,桓
姓,王,狄,封,牛,公
姓,冯,米,芮,通,司马
姓,陈,贝,羿,边,寿
姓,褚,明,储,扈,欧阳
姓,卫,臧,靳,燕,夏侯
姓,蒋,计,汲,冀,诸葛
姓,沈,伏,糜,尚,东方
姓,韩,成,松,浦,赫连
姓,杨,戴,井,农,皇甫
姓,朱,谈,富,温,尉迟
姓,尤,茅,巫,别,段
姓,许,庞,乌,庄,公冶
姓,何,熊,焦,晏,宋
姓,吕,纪,巴,柴,秦
姓,施,舒,弓,穆,单于
姓,张,屈,牧,阎,曹
姓,孔,项,充,祝,慕
姓,华,梁,谷,连,公孙
姓,金,杜,车,茹,太史
姓,魏,阮,侯,李,轩辕
姓,陶,蓝,钟离,宦,令狐
姓,姜,闵,蓬,艾,容
姓,戚,席,全,鱼,宇文
姓,谢,季,班,向,长孙
姓,邹,麻,仰,古,慕容
姓,喻,强,秋,易,鲜于
姓,柏,贾,仲,慎,独孤
姓,水,路,伊,戈,司徒
姓,窦,娄,宫,廖,司空
姓,章,危,云,江,督
姓,苏,童,仇,终,庾
姓,潘,颜,暴,居,端木
姓,奚,梅,甘,衡,郭
姓,范,盛,言,步,葛
姓,彭,林,厉,都,董
姓,郎,刁,戎,耿,严
姓,鲁,钟,祖,满,山
姓,韦,徐,武,弘,国
姓,昌,邱,符,匡,拓跋
姓,马,高,景,文,刘
姓,苗,夏,詹,寇,晋
姓,凤,蔡,束,广,楚
姓,花,田,龙,禄,阙
姓,方,胡,幸,东,法
姓,任,凌,司,欧,叶
姓,袁,霍,韶,沃,涂
姓,柳,虞,樊,利,钦
姓,鲍,万,黎,蔚,百里
姓,史,支,俞,越,东郭
姓,唐,柯,薄,印,南门
姓,费,莫,怀,隆,呼延
姓,廉,管,宿,师,归
姓,岑,卢,白,巩,海
姓,雷,经,蒲,聂,北冥
姓,贺,房,卓,晁,岳
姓,倪,裘,从,勾,帅
姓,汤,缪,薛,敖,上官
姓,况,干,索,融,亢
姓,殷,解,咸,冷,骆
姓,罗,应,籍,辛,荣
姓,毕,宗,赖,宣,琴
姓,郝,丁,那,贲,完颜
姓,安,邓,屠,简,东门
姓,常,商,蒙,饶,西门
姓,乐,郁,池,空,牟
姓,于,单,乔,曾,扶
姓,时,杭,阴,毋,伯
姓,傅,洪,萧,沙,赏
姓,皮,包,胥,鞠,养
姓,卞,诸,能,左,苍
姓,齐,石,双,须,南宫
姓,康,崔,闻,丰,墨
姓,伍,吉,莘,巢,谯
姓,余,钮,党,关,年
姓,元,龚,翟,蒯,爱
姓,卜,程,谭,相,阳
姓,顾,嵇,贡,查,北堂
姓,孟,邢,劳,后,尹
姓,平,滑,荆,堵,翁
姓,黄,裴,姬,红,左丘
姓,和,陆,申,福,佟
名,天,楼,仪,尽,市
名,地,阁,寻,京,事
名,日,欢,谨,之,首
名,月,迎,仙,荆,属
名,星,宜,表,惊,术
名,辰,宾,滨,井,双
名,金,友,并,净,霜
名,木,恩,泊,久,顺
名,水,华,语,酒,田
名,火,飞,楚,旧,厅
名,土,升,采,居,庭
名,风,见,仓,扇,图
名,云,少,常,聚,推
名,雨,子,车,涓,外
名,声,心,陈,卷,晚
名,雷,真,晨,空,王
名,电,人,澄,控,网
名,山,尘,持,来,微
名,丘,敬,尺,廊,韦
名,陵,敏,出,类,乌
名,平,精,创,冷,屋
名,原,湛,瓷,离,无
名,台,景,丛,理,物
名,江,影,单,历,夕
名,河,喜,当,连,析
名,川,一,导,凉,息
名,池,二,祷,量,先
名,湖,三,动,列,显
名,海,四,都,临,相
名,洋,五,度,铃,象
名,冰,六,朵,翎,霄
名,沙,七,发,留,效
名,泽,八,法,流,协
名,深,九,凡,鹿,榭
名,涵,十,泛,轮,形
名,春,百,范,络,梓
名,夏,千,沉,落,虚
名,秋,万,房,麻,轩
名,冬,兆,放,意,命
名,立,里,丰,漫,言
名,分,元,伏,门,央
名,至,鑫,扶,蒙,摇
名,谷,甘,符,迷,映
名,梧,乐,玖,密,野
名,桐,方,复,名,叶
名,银,圆,赋,末,夜
名,赤,周,感,目,移
名,红,维,剑,沐,盈
名,丹,望,亘,牧,营
名,朱,诺,宫,暮,善
名,黄,字,和,楠,幽
名,绿,亚,拾,内,有
名,碧,季,观,渐,羽
名,青,殿,馆,年,尚
名,蓝,尤,归,派,御
名,紫,其,奏,庞,园
名,黑,迪,果,旁,院
名,白,化,寒,凭,约
名,墨,端,行,清,运
名,苍,瑞,绝,漆,早
名,初,以,乱,齐,哨
名,温,易,画,祈,庄
名,光,奕,郊,起,展
名,荣,熙,槐,前,占
名,宝,然,幻,潜,怀
名,玉,司,换,桥,章
名,藏,令,烟,轻,刀
名,陶,奇,别,倾,召
名,艺,遇,灰,凌,森
名,润,繁,回,致,琴
名,示,畅,汇,染,枝
名,代,新,会,半,知
名,纪,君,色,热,彬
名,捷,泉,积,融,逐
名,期,龄,林,亭,烛
名,时,彤,唱,入,祝
名,笑,布,集,散,转
名,舒,澜,秦,桑,追
名,系,游,不,瑟,愁
名,醉,棠,间,杉,琢
男名,部,圣,默,防,学
男名,冶,炫,型,剧,邦
男名,辅,马,戎,慎,韧
男名,挂,共,冠,涌,葛
男名,靖,蒲,规,域,能
男名,增,旭,睿,造,号
男名,驱,家,昭,张,桦
男名,衍,晃,煌,凤,鸳
男名,获,治,极,壤,宙
男名,架,界,旗,宇,世
男名,合,阶,统,准,尖
男名,史,族,交,带,简
男名,掌,教,实,剑,神
男名,寺,堂,藤,始,接
男名,高,烈,远,斗,矩
男名,大,照,上,跃,炬
男名,岩,鸿,近,进,钧
男名,石,浩,古,步,亢
男名,勇,波,继,同,克
男名,猛,涛,承,志,刻
男名,刚,浪,松,向,镂
男名,强,源,柏,全,炉
男名,雄,潮,根,恒,陆
男名,威,渊,柱,衡,烙
男名,豪,隐,梁,鸣,炼
男名,震,逸,成,永,辽
男名,壮,超,龙,磊,猎
男名,阔,越,虎,振,岭
男名,宏,特,豹,隆,磨
男名,伟,勤,彪,宽,破
男名,杰,东,骏,奎,契
男名,建,南,鹏,领,器
男名,国,西,鹤,弘,奇
男名,庆,北,斌,扬,切
男名,筑,中,郎,博,燃
男名,基,甲,公,昆,熔
男名,健,乙,士,栗,势
男名,康,丙,夫,朝,收
男名,毅,丁,生,晖,燧
男名,启,戊,汉,峥,塔
男名,明,己,伯,铮,潭
男名,亮,庚,叔,争,炭
男名,道,辛,朗,麒,霆
男名,德,壬,胜,麟,炎
男名,忠,癸,利,秉,焰
男名,仁,阳,赢,沧,鹰
男名,义,顶,权,城,岳
男名,礼,辉,益,登,阵
男名,智,耀,民,栋,镇
男名,信,军,团,洞,止
男名,诚,兵,结,冲,制
男名,谦,将,正,崇,质
男名,贤,帅,定,荡,种
男名,良,武,安,锻,重
男名,俊,力,兴,革,州
男名,通,本,举,更,铸
男名,达,主,直,工,祖
男名,广,钢,凯,攻,尊
男名,长,铁,旋,固,铜
男名,泰,锋,征,圭,锡
男名,昌,峰,旅,昊,弋
男名,盛,钟,守,赫,用
男名,富,鼎,卫,横,宗
男名,贵,铭,福,划,总
男名,吉,印,禄,击,刀
男名,祥,玄,寿,坚,枪
男名,洪,太,奋,角,断
男名,醒,问,灭,败,丑
男名,缺,棘,孤,鬼,封
男名,戒,开,难,敌,罡
男名,翰,哲,斩,杀,莽
男名,凡,坤,亦,毒,暗
男名,仇,树,延,血,则
男名,苦,悲,痛,残,文
男名,弃,疾,裕,皓,天
男名,侠,客,群,岛,经
女名,晓,珊,稚,希,苓
女名,小,晶,燕,梦,艾
女名,妹,莹,鸽,境,葵
女名,姑,花,莺,淑,斓
女名,娘,草,鹃,贞,卿
女名,妃,兰,蝶,宁,黛
女名,姬,英,锦,静,芮
女名,后,灵,绣,倩,蕊
女名,好,芝,绫,巧,蕴
女名,妙,萱,罗,鱼,霖
女名,妮,芸,绮,琴,姝
女名,娃,茗,衣,笛,恬
女名,爱,芬,裳,竹,晗
女名,媛,芳,慧,棋,昕
女名,婵,蓓,惠,书,纯
女名,娟,蕾,香,诗,菲
女名,娇,翠,穗,文,卉
女名,媚,丽,颖,语,莱
女名,婉,萍,芒,音,梨
女名,婷,莲,彩,韵,蜜
女名,妍,荷,艳,歌,女
女名,嫣,莉,素,曲,纱
女名,贝,蔷,秀,如,丝
女名,璧,薇,美,若,菘
女名,环,茜,悦,晴,苏
女名,琪,莎,雯,曦,桃
女名,璇,蓉,露,馨,舞
女名,玑,菱,霞,欣,绚
女名,珍,梅,雪,颜,芽
女名,珠,杏,虹,优,雁
女名,玲,杨,涟,雅,依
女名,珑,柳,溪,怡,荫
女名,佩,桂,思,暖,樱
女名,琼,椿,绪,满,荧
女名,瑶,榆,念,可,苑
女名,瑜,枫,想,佳,俪
女名,琳,菊,盼,嘉,魅
女名,容,袅,儿,施,芙
女名,璐,洁,忘,忧,蔓
女名,听,情,忆,歆,婧
女名,琦,蕙,浓,淡,颀
女名,伴,隽,眉,清,尔
女名,含,莫,伊,娜,惜
女名,泪,君,凝,菡,凌
女名,宛,甜,潇,姿,鸯
女名,柔,软,袖,琬,凰
女名,约,诺,言,采,净
女名,玄,飞,一,烟,非
女名,襄,姗,影,朱,绿
女名,盈,水,雨,霜,霏
女名,春,夏,秋,冬,季
女名,青,倾,紫,敏,彗
女名,寻,欢,乐,幻,真
女名,脂,玉,冰,芷,纤
女名,尘,仙,子,梓,涵
女名,摇,曳,步,遥,弦
女名,幽,千,与,染,心
女名,桐,温,鹿,珂,圆
女名,亭,粉,画,醉,昭
女名,君,棉,脉,仪,俏
女名,白,橙,红,黄,笙
女名,谷,风,华,双,剑
